Class ID,Preferred Label
http://purl.obolibrary.org/obo/STATO_0000154,violin plot
http://purl.obolibrary.org/obo/STATO_0000358,Huynh-Feldt covariance structure
http://purl.obolibrary.org/obo/STATO_0000166,bar chart
http://purl.obolibrary.org/obo/UO_0000003,time unit
http://purl.obolibrary.org/obo/STATO_0000335,survival distribution
http://purl.obolibrary.org/obo/STATO_0000165,pie chart
http://purl.obolibrary.org/obo/STATO_0000100,standardized mean difference
http://purl.obolibrary.org/obo/OBI_0200036,Benjamini and Hochberg false discovery rate correction method
http://purl.obolibrary.org/obo/NCBITaxon_9606,Homo sapiens
http://purl.obolibrary.org/obo/OBI_0200083,survival analysis objective
http://purl.obolibrary.org/obo/STATO_0000177,beta distribution
http://purl.obolibrary.org/obo/OBI_0200094,logarithmic transformation
http://purl.obolibrary.org/obo/STATO_0000347,Matern function anisotropic covariance structure
http://purl.obolibrary.org/obo/STATO_0000346,covariance structure
http://purl.obolibrary.org/obo/OBI_0600014,material component separation
http://purl.obolibrary.org/obo/STATO_0000111,sequence read
http://purl.obolibrary.org/obo/STATO_0000389,power law distribution
http://purl.obolibrary.org/obo/STATO_0000010,coordinate system
http://purl.obolibrary.org/obo/OBI_0600024,maintaining cell culture
http://purl.obolibrary.org/obo/STATO_0000257,family
http://purl.obolibrary.org/obo/STATO_0000022,one dimensional cartesian coordinate system
http://purl.obolibrary.org/obo/STATO_0000065,hypothesis
http://purl.obolibrary.org/obo/OBI_0000010,fluorescent reporter intensity
http://purl.obolibrary.org/obo/STATO_0000268,Gamma distribution
http://purl.obolibrary.org/obo/OBI_0000739,Student's t-test
http://purl.obolibrary.org/obo/STATO_0000203,cohort
http://purl.obolibrary.org/obo/STATO_0000076,Mann-Whitney U-test
http://purl.obolibrary.org/obo/STATO_0000246,Woolf's test
http://purl.obolibrary.org/obo/OBI_0000751,study design dependent variable
http://purl.obolibrary.org/obo/STATO_0000011,cartesian coordinate axis
http://purl.obolibrary.org/obo/IAO_0000400,cartesian spatial coordinate datum
http://purl.obolibrary.org/obo/STATO_0000113,variance
http://purl.obolibrary.org/obo/STATO_0000156,Scheffe test
http://purl.obolibrary.org/obo/OBI_0100064,screening library
http://purl.obolibrary.org/obo/STATO_0000168,real time quantitative pcr plot
http://purl.obolibrary.org/obo/STATO_0000167,first quartile
http://purl.obolibrary.org/obo/OBI_0500020,time series design
http://purl.obolibrary.org/obo/STATO_0000179,ANCOVA
http://purl.obolibrary.org/obo/STATO_0000349,spatial linear geometric anisotropic covariance structure
http://purl.obolibrary.org/obo/STATO_0000248,blocking variable
http://purl.obolibrary.org/obo/IAO_0000007,action specification
http://purl.obolibrary.org/obo/STATO_0000078,Levene's test
http://purl.obolibrary.org/obo/STATO_0000013,two dimensional cartesian coordinate system
http://purl.obolibrary.org/obo/STATO_0000012,z-axis
http://purl.obolibrary.org/obo/IAO_0000030,information content entity
http://purl.obolibrary.org/obo/STATO_0000024,three dimensional cartesian coordinate system
http://purl.obolibrary.org/obo/OBI_0500007,randomized complete block design
http://purl.obolibrary.org/obo/STATO_0000067,continuous probability distribution
http://purl.obolibrary.org/obo/IAO_0000306,table
http://purl.obolibrary.org/obo/OBI_0200186,error correction objective
http://purl.obolibrary.org/obo/STATO_0000002,digital file
http://purl.obolibrary.org/obo/GO_0010467,gene expression
http://purl.obolibrary.org/obo/STATO_0000256,manhattan plot for gwas
http://purl.obolibrary.org/obo/IAO_0000032,scalar measurement datum
http://purl.obolibrary.org/obo/STATO_0000021,90% confidence interval
http://purl.obolibrary.org/obo/STATO_0000064,sequence read count
http://purl.obolibrary.org/obo/STATO_0000267,grouped bar chart
http://purl.obolibrary.org/obo/STATO_0000020,two dimensional cartesian spatial coordinate origin
http://purl.obolibrary.org/obo/STATO_0000202,within subject comparison statistical test
http://purl.obolibrary.org/obo/OBI_0000984,dose
http://purl.obolibrary.org/obo/CHEBI_33839,macromolecule
http://purl.obolibrary.org/obo/STATO_0000201,Spearman's rank correlation coefficient
http://purl.obolibrary.org/obo/STATO_0000245,relative risk
http://purl.obolibrary.org/obo/STATO_0000075,rarefaction curve
http://purl.obolibrary.org/obo/STATO_0000060,hypergeometric distribution
http://purl.obolibrary.org/obo/STATO_0000348,rational quadratic anisotropic covariance structure
http://purl.obolibrary.org/obo/STATO_0000178,kurtosis
http://purl.obolibrary.org/obo/OBI_0000832,measurement device
http://purl.obolibrary.org/obo/NCBITaxon_314146,Euarchontoglires
http://purl.obolibrary.org/obo/OBI_0001936,molecular-labeled material
http://purl.obolibrary.org/obo/STATO_0000359,equal diagonal Factor Analytic covariance structure
http://purl.obolibrary.org/obo/STATO_0000112,Funnel plot
http://purl.obolibrary.org/obo/OBI_0000453,measure function
http://purl.obolibrary.org/obo/OBI_0000115,intervention design
http://purl.obolibrary.org/obo/STATO_0000296,absence of enrichment hypothesis
http://purl.obolibrary.org/obo/BFO_0000005,dependent continuant
http://purl.obolibrary.org/obo/STATO_0000204,F-distribution
http://purl.obolibrary.org/obo/OBI_0000071,quantitative confidence value
http://purl.obolibrary.org/obo/STATO_0000163,trimmed mean
http://purl.obolibrary.org/obo/STATO_0000333,kernel mixture distribution
http://purl.obolibrary.org/obo/OBI_0000789,survival rate
http://purl.obolibrary.org/obo/STATO_0000388,alpha distribution
http://purl.obolibrary.org/obo/STATO_0000174,Forest plot
http://purl.obolibrary.org/obo/STATO_0000387,scatterplot matrix
http://purl.obolibrary.org/obo/STATO_0000023,studentized range distribution
http://purl.obolibrary.org/obo/STATO_0000152,quartile
http://purl.obolibrary.org/obo/BFO_0000004,independent continuant
http://purl.obolibrary.org/obo/BFO_0000026,one dimensional region
http://purl.obolibrary.org/obo/IAO_0000578,centrally registered identifier
http://purl.obolibrary.org/obo/STATO_0000399,interquartile mean
http://purl.obolibrary.org/obo/STATO_0000298,exact binomial test
http://purl.obolibrary.org/obo/OBI_0000094,material processing
http://purl.obolibrary.org/obo/STATO_0000063,genomic coordinate datum
http://purl.obolibrary.org/obo/STATO_0000266,Bayes factor
http://purl.obolibrary.org/obo/STATO_0000074,Cochran-Mantel-Haenzel test for repeated tests of independence
http://purl.obolibrary.org/obo/STATO_0000244,ฮ”Rn
http://purl.obolibrary.org/obo/OBI_0000684,specimen collection objective
http://purl.obolibrary.org/obo/OBI_0000889,survival curve
http://purl.obolibrary.org/obo/STATO_0000085,effect size estimate
http://purl.obolibrary.org/obo/STATO_0000255,between group comparison objective
http://purl.obolibrary.org/obo/OBI_0000047,processed material
http://purl.obolibrary.org/obo/STATO_0000263,Galbraith plot
http://purl.obolibrary.org/obo/STATO_0000071,reaction rate
http://purl.obolibrary.org/obo/STATO_0000241,Q-Q plot
http://purl.obolibrary.org/obo/OBI_0001352,allele information
http://purl.obolibrary.org/obo/IAO_0000102,data about an ontology part
http://purl.obolibrary.org/obo/STATO_0000070,Yate's corrected Chi-Squared test
http://purl.obolibrary.org/obo/STATO_0000240,Kendall's correlation coefficient
http://purl.obolibrary.org/obo/OBI_0200073,family wise error rate correction method
http://purl.obolibrary.org/obo/STATO_0000082,fixed effects model
http://purl.obolibrary.org/obo/STATO_0000252,categorical variable
http://purl.obolibrary.org/obo/OBI_0000662,error corrected data set
http://purl.obolibrary.org/obo/IAO_0000579,CRID registry
http://purl.obolibrary.org/obo/STATO_0000251,continuous variable
http://purl.obolibrary.org/obo/OBI_0001755,selection criterion
http://purl.obolibrary.org/obo/STATO_0000295,absence of positive difference hypothesis
http://purl.obolibrary.org/obo/OBI_0000371,heat function
http://purl.obolibrary.org/obo/BFO_0000016,disposition
http://purl.obolibrary.org/obo/STATO_0000398,weighted arithmetic mean
http://purl.obolibrary.org/obo/CHEBI_16991,deoxyribonucleic acid
http://purl.obolibrary.org/obo/STATO_0000397,harmonic mean
http://purl.obolibrary.org/obo/STATO_0000162,experimental unit role
http://purl.obolibrary.org/obo/STATO_0000332,smooth kernel distribution
http://purl.obolibrary.org/obo/OBI_0200049,Benjamini and Yekutieli false discovery rate correction method
http://purl.obolibrary.org/obo/STATO_0000173,homogeneity test objective
http://purl.obolibrary.org/obo/STATO_0000386,scree plot
http://purl.obolibrary.org/obo/STATO_0000151,maximum value
http://purl.obolibrary.org/obo/STATO_0000354,banded heterogeneous Toeplitz covariance structure
http://purl.obolibrary.org/obo/OBI_0000370,contain function
http://purl.obolibrary.org/obo/STATO_0000355,heterogeneous Toeplitz covariance structure
http://purl.obolibrary.org/obo/OBI_0000740,material sample role
http://purl.obolibrary.org/obo/STATO_0000084,multinomial probit regression for analysis of polychotomous dependent variable
http://purl.obolibrary.org/obo/STATO_0000254,allele frequency
http://purl.obolibrary.org/obo/STATO_0000297,absence of depletion hypothesis
http://purl.obolibrary.org/obo/STATO_0000062,absence of within subject difference hypothesis
http://purl.obolibrary.org/obo/STATO_0000061,absence of between group difference hypothesis
http://purl.obolibrary.org/obo/STATO_0000265,factor level
http://purl.obolibrary.org/obo/STATO_0000200,statistical test power
http://purl.obolibrary.org/obo/STATO_0000243,box and whisker plot
http://purl.obolibrary.org/obo/STATO_0000073,Fisher's exact test
http://purl.obolibrary.org/obo/IAO_0000402,two dimensional cartesian spatial coordinate datum
http://purl.obolibrary.org/obo/STATO_0000242,statistical error
http://purl.obolibrary.org/obo/STATO_0000072,substrate concentration
http://purl.obolibrary.org/obo/OBI_0600015,group assignment
http://purl.obolibrary.org/obo/STATO_0000356,banded Toeplitz covariance structure
http://purl.obolibrary.org/obo/STATO_0000357,Toeplitz covariance structure
http://purl.obolibrary.org/obo/STATO_0000153,one sample Hotelling T2 test
http://purl.obolibrary.org/obo/OBI_0000175,p-value
http://purl.obolibrary.org/obo/STATO_0000164,inter quartile range
http://purl.obolibrary.org/obo/STATO_0000334,mixture distribution
http://purl.obolibrary.org/obo/STATO_0000176,t-statistic
http://purl.obolibrary.org/obo/IAO_0000401,one dimensional cartesian spatial coordinate datum
http://purl.obolibrary.org/obo/STATO_0000175,confidence interval calculation
http://purl.obolibrary.org/obo/STATO_0000353,spatial exponential anisotropic covariance structure
http://purl.obolibrary.org/obo/STATO_0000150,minimum value
http://purl.obolibrary.org/obo/OBI_0000963,categorical label
http://purl.obolibrary.org/obo/STATO_0000331,histogram distribution
http://purl.obolibrary.org/obo/STATO_0000161,data distribution
http://purl.obolibrary.org/obo/STATO_0000172,fragments per kilobase of transcript per million fragments mapped
http://purl.obolibrary.org/obo/OBI_0500000,study design
http://purl.obolibrary.org/obo/OBI_0000916,flow cytometry assay
http://purl.obolibrary.org/obo/OBI_0000973,sequence data
http://purl.obolibrary.org/obo/STATO_0000253,within subject comparison objective
http://purl.obolibrary.org/obo/STATO_0000083,Kolmogorov-Smirnov test
http://purl.obolibrary.org/obo/OBI_0000811,primary structure of DNA macromolecule
http://purl.obolibrary.org/obo/STATO_0000264,factor level combination
http://purl.obolibrary.org/obo/CARO_0001008,gross anatomical part
http://purl.obolibrary.org/obo/STATO_0000393,Pareto type-II probability distribution
http://purl.obolibrary.org/obo/OBI_0200166,data transformation objective
http://purl.obolibrary.org/obo/OBI_0200177,center calculation objective
http://purl.obolibrary.org/obo/OBI_0200119,median calculation
http://purl.obolibrary.org/obo/OBI_0001143,labeled nucleic acid extract
http://purl.obolibrary.org/obo/OBI_0400153,droplet sorter
http://purl.obolibrary.org/obo/STATO_0000293,percentile
http://purl.obolibrary.org/obo/OBI_0000938,categorical measurement datum
http://purl.obolibrary.org/obo/OBI_0200176,Fisher's exact test
http://purl.obolibrary.org/obo/OBI_0400065,light source
http://purl.obolibrary.org/obo/OBI_0000015,biological feature identification objective
http://purl.obolibrary.org/obo/STATO_0000330,empirical distribution
http://purl.obolibrary.org/obo/STATO_0000160,exponential distribution
http://purl.obolibrary.org/obo/BFO_0000040,material entity
http://purl.obolibrary.org/obo/CHEBI_33250,atom
http://purl.obolibrary.org/obo/NCBITaxon_2759,Eukaryota
http://purl.obolibrary.org/obo/STATO_0000171,Spear box and whisker plot
http://purl.obolibrary.org/obo/BFO_0000017,realizable entity
http://purl.obolibrary.org/obo/BFO_0000028,three dimensional region
http://purl.obolibrary.org/obo/STATO_0000352,spatial exponential geometric anisotropic covariance structure
http://purl.obolibrary.org/obo/OBI_0000441,assay objective
http://purl.obolibrary.org/obo/NCBITaxon_10239,Viruses
http://purl.obolibrary.org/obo/STATO_0000396,geometric mean
http://purl.obolibrary.org/obo/STATO_0000395,Pareto type-IV probability distribution
http://purl.obolibrary.org/obo/BFO_0000006,spatial region
http://purl.obolibrary.org/obo/OBI_0200089,multiple testing correction method
http://purl.obolibrary.org/obo/OBI_0000387,cool function
http://purl.obolibrary.org/obo/PR_000000001,protein
http://purl.obolibrary.org/obo/OBI_0001331,transcription profiling identification objective
http://purl.obolibrary.org/obo/OBI_0000443,analyte assay
http://purl.obolibrary.org/obo/STATO_0000392,Pareto type-I probability distribution
http://purl.obolibrary.org/obo/NCBITaxon_40674,Mammalia
http://purl.obolibrary.org/obo/STATO_0000260,repeated measure ANOVA
http://purl.obolibrary.org/obo/OBI_0302903,nucleic acid hybridization
http://purl.obolibrary.org/obo/OBI_0000250,dye role
http://purl.obolibrary.org/obo/IAO_0000104,plan specification
http://purl.obolibrary.org/obo/IAO_0000027,data item
http://purl.obolibrary.org/obo/OBI_0000791,multiple testing correction objective
http://purl.obolibrary.org/obo/IAO_0000003,measurement unit label
http://purl.obolibrary.org/obo/STATO_0000394,Pareto type-III probability distribution
http://purl.obolibrary.org/obo/OBI_0500015,2x2 factorial design
http://purl.obolibrary.org/obo/UO_0000001,length unit
http://purl.obolibrary.org/obo/OBI_0001364,genetic alteration information
http://purl.obolibrary.org/obo/STATO_0000170,third quartile
http://purl.obolibrary.org/obo/OBI_0000399,solid support function
http://purl.obolibrary.org/obo/OBI_0000674,center value
http://purl.obolibrary.org/obo/IAO_0000037,dot plot
http://purl.obolibrary.org/obo/STATO_0000351,spatial gaussian geometric anisotropic covariance structure
http://purl.obolibrary.org/obo/OBI_0000652,material combination
http://purl.obolibrary.org/obo/STATO_0000250,group comparison objective
http://purl.obolibrary.org/obo/NCBITaxon_33213,Bilateria
http://purl.obolibrary.org/obo/STATO_0000080,Brown Forsythe test
http://purl.obolibrary.org/obo/STATO_0000294,absence of negative difference hypothesis
http://purl.obolibrary.org/obo/STATO_0000261,Newman-Keuls test post-hoc analysis
http://purl.obolibrary.org/obo/STATO_0000262,Bernoulli distribution
http://purl.obolibrary.org/obo/OBI_0000639,material separation objective
http://purl.obolibrary.org/obo/OBI_0000686,material combination objective
http://purl.obolibrary.org/obo/OBI_0001225,genetic population background information
http://purl.obolibrary.org/obo/OBI_0000673,statistical hypothesis test
http://purl.obolibrary.org/obo/STATO_0000081,Pearson's Chi square test of independence between categorical variables
http://purl.obolibrary.org/obo/OBI_0500016,fractional factorial design
http://purl.obolibrary.org/obo/OBI_0000425,averaging objective
http://purl.obolibrary.org/obo/OBI_0000272,protocol
http://purl.obolibrary.org/obo/OBI_0000675,statistical hypothesis test objective
http://purl.obolibrary.org/obo/IAO_0000038,graph
http://purl.obolibrary.org/obo/STATO_0000036,outlier
http://purl.obolibrary.org/obo/CHEBI_33697,ribonucleic acid
http://purl.obolibrary.org/obo/BFO_0000034,function
http://purl.obolibrary.org/obo/OBI_0000838,material maintenance
http://purl.obolibrary.org/obo/OBI_0001271,RNA-seq assay
http://purl.obolibrary.org/obo/STATO_0000350,spatial spherical geometric anisotropic covariance structure
http://purl.obolibrary.org/obo/OBI_0000109,biological vector role
http://purl.obolibrary.org/obo/STATO_0000139,subject pairing
http://purl.obolibrary.org/obo/STATO_0000309,Pearson's Chi square test of goodness of fit
http://purl.obolibrary.org/obo/OBI_0000066,investigation
http://purl.obolibrary.org/obo/STATO_0000390,regression model
http://purl.obolibrary.org/obo/STATO_0000128,Altman box and whisker plot
http://purl.obolibrary.org/obo/OBI_0400110,hybridization chamber
http://purl.obolibrary.org/obo/OBI_0400043,flow cell
http://purl.obolibrary.org/obo/OBI_0200066,Holm-Bonferroni family-wise error rate correction method
http://purl.obolibrary.org/obo/IAO_0000582,time stamped measurement datum
http://purl.obolibrary.org/obo/STATO_0000039,statistic
http://purl.obolibrary.org/obo/OBI_0001479,tissue specimen
http://purl.obolibrary.org/obo/OBI_0500011,latin square design
http://purl.obolibrary.org/obo/IAO_0000144,conclusion textual entity
http://purl.obolibrary.org/obo/STATO_0000035,range
http://purl.obolibrary.org/obo/OBI_0001032,light emission device
http://purl.obolibrary.org/obo/STATO_0000239,high throughput screening
http://purl.obolibrary.org/obo/OBI_0000668,error correction data transformation
http://purl.obolibrary.org/obo/IAO_0000078,curation status specification
http://purl.obolibrary.org/obo/STATO_0000047,count
http://purl.obolibrary.org/obo/STATO_0000217,sphericity hypothesis
http://purl.obolibrary.org/obo/STATO_0000046,block design
http://purl.obolibrary.org/obo/STATO_0000216,stratum population
http://purl.obolibrary.org/obo/OBI_0000067,evaluant role
http://purl.obolibrary.org/obo/STATO_0000089,case-control study design
http://purl.obolibrary.org/obo/STATO_0000058,goodness of fit hypothesis
http://purl.obolibrary.org/obo/STATO_0000228,ordinal variable
http://purl.obolibrary.org/obo/OBI_0400044,flow cytometer
http://purl.obolibrary.org/obo/OBI_0200078,descriptive statistical calculation objective
http://purl.obolibrary.org/obo/STATO_0000138,2 by 2 contingency table
http://purl.obolibrary.org/obo/STATO_0000308,sum contrast
http://purl.obolibrary.org/obo/OBI_0666667,nucleic acid extraction
http://purl.obolibrary.org/obo/IAO_0000088,report
http://purl.obolibrary.org/obo/OBI_0000736,single fragment library
http://purl.obolibrary.org/obo/OBI_0000747,material sample
http://purl.obolibrary.org/obo/STATO_0000319,Hedges's g
http://purl.obolibrary.org/obo/STATO_0000149,binomial logistic regression for analysis of dichotomous dependent variable
http://purl.obolibrary.org/obo/STATO_0000127,99% confidence interval
http://purl.obolibrary.org/obo/CL_0000010,cultured cell
http://purl.obolibrary.org/obo/STATO_0000038,matched pair of subjects
http://purl.obolibrary.org/obo/STATO_0000037,standard error of the mean
http://purl.obolibrary.org/obo/STATO_0000219,RT-PCR standard curve
http://purl.obolibrary.org/obo/STATO_0000049,Hardy-Weinberg equilibrium hypothesis
http://purl.obolibrary.org/obo/OBI_0400078,obscuration bar
http://purl.obolibrary.org/obo/STATO_0000218,model fitting
http://purl.obolibrary.org/obo/STATO_0000048,multiway ANOVA
http://purl.obolibrary.org/obo/IAO_0000005,objective specification
http://purl.obolibrary.org/obo/OBI_0400137,cytometer
http://purl.obolibrary.org/obo/OBI_0500017,dye swap design
http://purl.obolibrary.org/obo/OBI_0200194,survival analysis data transformation
http://purl.obolibrary.org/obo/OBI_0000967,container
http://purl.obolibrary.org/obo/OBI_0001909,conclusion based on data
http://purl.obolibrary.org/obo/IAO_0000015,information carrier
http://purl.obolibrary.org/obo/OBI_0000319,material to be added role
http://purl.obolibrary.org/obo/STATO_0000126,volcano plot
http://purl.obolibrary.org/obo/STATO_0000329,symmetric distribution
http://purl.obolibrary.org/obo/OBI_0100051,specimen
http://purl.obolibrary.org/obo/OBI_0500006,parallel group design
http://purl.obolibrary.org/obo/STATO_0000307,treatment contrast
http://purl.obolibrary.org/obo/STATO_0000137,homoskedasticity test
http://purl.obolibrary.org/obo/STATO_0000096,population stratification prior to sampling
http://purl.obolibrary.org/obo/STATO_0000148,Cochran-Armitage test for trend
http://purl.obolibrary.org/obo/STATO_0000318,omega-squared
http://purl.obolibrary.org/obo/OBI_0302884,extraction
http://purl.obolibrary.org/obo/OBI_0001933,value specification
http://purl.obolibrary.org/obo/STATO_0000059,Student's t distribution
http://purl.obolibrary.org/obo/STATO_0000229,Chi-square probability distribution
http://purl.obolibrary.org/obo/STATO_0000188,average log signal intensity
http://purl.obolibrary.org/obo/OBI_0500005,matched pairs design
http://purl.obolibrary.org/obo/OBI_0000403,sort function
http://purl.obolibrary.org/obo/OBI_0000968,device
http://purl.obolibrary.org/obo/OBI_0000112,specimen role
http://purl.obolibrary.org/obo/OBI_0200184,descriptive statistical calculation data transformation
http://purl.obolibrary.org/obo/OBI_0001554,rate measurement datum
http://purl.obolibrary.org/obo/OBI_0000806,material maintenance objective
http://purl.obolibrary.org/obo/BFO_0000002,continuant
http://purl.obolibrary.org/obo/STATO_0000199,Mauchly's test for sphericity
http://purl.obolibrary.org/obo/STATO_0000369,repeated measure analysis
http://purl.obolibrary.org/obo/OBI_0000437,analyte measurement objective
http://purl.obolibrary.org/obo/OBI_0400148,DNA microarray
http://purl.obolibrary.org/obo/OBI_0001172,dose response curve
http://purl.obolibrary.org/obo/STATO_0000214,50% confidence interval
http://purl.obolibrary.org/obo/STATO_0000044,one-way ANOVA
http://purl.obolibrary.org/obo/STATO_0000088,study group population size
http://purl.obolibrary.org/obo/OBI_0001010,nucleic acid extract
http://purl.obolibrary.org/obo/STATO_0000087,polychotomous variable
http://purl.obolibrary.org/obo/OBI_0000471,study design execution
http://purl.obolibrary.org/obo/OBI_0200000,data transformation
http://purl.obolibrary.org/obo/STATO_0000225,probability distribution
http://purl.obolibrary.org/obo/BFO_0000023,role
http://purl.obolibrary.org/obo/STATO_0000099,random effects model
http://purl.obolibrary.org/obo/BFO_0000001,entity
http://purl.obolibrary.org/obo/STATO_0000033,mode
http://purl.obolibrary.org/obo/STATO_0000306,polynomial contrast
http://purl.obolibrary.org/obo/STATO_0000136,Tarone's test for homogeneity of odds ratio
http://purl.obolibrary.org/obo/OBI_0200111,data visualization
http://purl.obolibrary.org/obo/OBI_0000681,separation into different composition objective
http://purl.obolibrary.org/obo/STATO_0000147,LD plot
http://purl.obolibrary.org/obo/STATO_0000317,eta-squared
http://purl.obolibrary.org/obo/STATO_0000125,Wilkinson dot plot
http://purl.obolibrary.org/obo/STATO_0000328,statistical model selection
http://purl.obolibrary.org/obo/IAO_0000109,measurement data item
http://purl.obolibrary.org/obo/OBI_0600038,addition of molecular label
http://purl.obolibrary.org/obo/OBI_0000427,enzyme
http://purl.obolibrary.org/obo/STATO_0000379,focused information criterion
http://purl.obolibrary.org/obo/STATO_0000144,model parameter estimate
http://purl.obolibrary.org/obo/STATO_0000314,upper confidence limit
http://purl.obolibrary.org/obo/STATO_0000187,Tukey HSD for Post-Hoc Analysis
http://purl.obolibrary.org/obo/STATO_0000122,pedigree chart
http://purl.obolibrary.org/obo/STATO_0000121,association between categorical variables testing objective
http://purl.obolibrary.org/obo/STATO_0000325,Akaike information criterion
http://purl.obolibrary.org/obo/OBI_0000011,planned process
http://purl.obolibrary.org/obo/STATO_0000368,Mallows' Cp
http://purl.obolibrary.org/obo/STATO_0000198,non-parametric test
http://purl.obolibrary.org/obo/STATO_0000133,post-hoc analysis
http://purl.obolibrary.org/obo/STATO_0000303,two sample t-test with equal variance
http://purl.obolibrary.org/obo/OBI_0000659,specimen collection
http://purl.obolibrary.org/obo/STATO_0000236,coefficient of variation
http://purl.obolibrary.org/obo/STATO_0000405,unstructured covariance structure
http://purl.obolibrary.org/obo/STATO_0000235,genetic association study
http://purl.obolibrary.org/obo/OBI_0001034,environmental control device
http://purl.obolibrary.org/obo/STATO_0000279,between group comparison statistical test
http://purl.obolibrary.org/obo/STATO_0000278,pairing rule
http://purl.obolibrary.org/obo/IAO_0000009,data item label
http://purl.obolibrary.org/obo/STATO_0000213,continuous variable discretization
http://purl.obolibrary.org/obo/STATO_0000086,F-test
http://purl.obolibrary.org/obo/REO_0000280,molecular label
http://purl.obolibrary.org/obo/STATO_0000055,chromosome coordinate system
http://purl.obolibrary.org/obo/OBI_1000029,phage display library
http://purl.obolibrary.org/obo/STATO_0000098,two sample Hotelling T2 test
http://purl.obolibrary.org/obo/STATO_0000224,goodness of fit testing objective
http://purl.obolibrary.org/obo/STATO_0000054,homoskedasticity hypothesis
http://purl.obolibrary.org/obo/STATO_0000097,statistical test power analysis
http://purl.obolibrary.org/obo/STATO_0000305,Helmert contrast
http://purl.obolibrary.org/obo/STATO_0000135,strictly standardized mean difference
http://purl.obolibrary.org/obo/IAO_0000055,rule
http://purl.obolibrary.org/obo/OBI_0000079,culture medium
http://purl.obolibrary.org/obo/STATO_0000146,presence of between group difference hypothesis
http://purl.obolibrary.org/obo/STATO_0000316,root-mean-square standardized effect
http://purl.obolibrary.org/obo/NCBITaxon_117571,Euteleostomi
http://purl.obolibrary.org/obo/STATO_0000189,mixed model
http://purl.obolibrary.org/obo/STATO_0000124,stratification rule
http://purl.obolibrary.org/obo/STATO_0000123,r2
http://purl.obolibrary.org/obo/STATO_0000327,Bayesian information criterion
http://purl.obolibrary.org/obo/STATO_0000226,equal variance testing objective
http://purl.obolibrary.org/obo/STATO_0000056,absence of association hypothesis
http://purl.obolibrary.org/obo/OBI_0001265,FWER adjusted p-value
http://purl.obolibrary.org/obo/OBI_0000679,average value
http://purl.obolibrary.org/obo/STATO_0000034,model parameter
http://purl.obolibrary.org/obo/STATO_0000238,high-content screening
http://purl.obolibrary.org/obo/STATO_0000237,standard deviation
http://purl.obolibrary.org/obo/OBI_0000924,labeled specimen
http://purl.obolibrary.org/obo/STATO_0000215,ordered probit regression for analysis of ordinal dependent variable
http://purl.obolibrary.org/obo/STATO_0000045,two-way ANOVA
http://purl.obolibrary.org/obo/OBI_0000185,imaging assay
http://purl.obolibrary.org/obo/STATO_0000227,normal distribution
http://purl.obolibrary.org/obo/STATO_0000057,null hypothesis
http://purl.obolibrary.org/obo/IAO_0000308,figure
http://purl.obolibrary.org/obo/STATO_0000031,binary classification
http://purl.obolibrary.org/obo/STATO_0000234,residual
http://purl.obolibrary.org/obo/STATO_0000212,tetrachoric correlation coefficient
http://purl.obolibrary.org/obo/STATO_0000042,Anderson-Darling test
http://purl.obolibrary.org/obo/GO_0043234,protein complex
http://purl.obolibrary.org/obo/STATO_0000289,design matrix
http://purl.obolibrary.org/obo/STATO_0000053,false positive rate
http://purl.obolibrary.org/obo/STATO_0000223,group assignment based on blocking variable specification
http://purl.obolibrary.org/obo/NCBITaxon_2,Bacteria
http://purl.obolibrary.org/obo/OBI_0001912,cell freezing medium
http://purl.obolibrary.org/obo/STATO_0000285,hypergeometric test
http://purl.obolibrary.org/obo/STATO_0000304,two sample t-test with unequal variance
http://purl.obolibrary.org/obo/STATO_0000134,true negative rate
http://purl.obolibrary.org/obo/STATO_0000093,date
http://purl.obolibrary.org/obo/STATO_0000315,lower confidence limit
http://purl.obolibrary.org/obo/STATO_0000145,geometric distribution
http://purl.obolibrary.org/obo/OBI_0200163,false discovery rate correction method
http://purl.obolibrary.org/obo/STATO_0000274,receiver operational characteristics curve
http://purl.obolibrary.org/obo/STATO_0000326,corrected Akaike information criterion
http://purl.obolibrary.org/obo/STATO_0000185,2 by n contingency table
http://purl.obolibrary.org/obo/OBI_0600005,collecting specimen from organism
http://purl.obolibrary.org/obo/OBI_0001834,drawing a conclusion
http://purl.obolibrary.org/obo/STATO_0000196,confidence interval
http://purl.obolibrary.org/obo/STATO_0000366,heterogeneous first-order autoregressive covariance structure
http://purl.obolibrary.org/obo/STATO_0000300,dimensionless ratio
http://purl.obolibrary.org/obo/STATO_0000377,deviance
http://purl.obolibrary.org/obo/STATO_0000276,binomial distribution
http://purl.obolibrary.org/obo/STATO_0000211,odds ratio homogeneity hypothesis
http://purl.obolibrary.org/obo/GO_0003824,catalytic activity
http://purl.obolibrary.org/obo/IAO_0000100,data set
http://purl.obolibrary.org/obo/OBI_0000451,normalized data set
http://purl.obolibrary.org/obo/STATO_0000288,absence of difference hypothesis
http://purl.obolibrary.org/obo/CHEBI_23367,molecular entity
http://purl.obolibrary.org/obo/STATO_0000052,Z-test
http://purl.obolibrary.org/obo/STATO_0000222,graeco-latin square design
http://purl.obolibrary.org/obo/IAO_0000577,CRID
http://purl.obolibrary.org/obo/STATO_0000095,paired t-test
http://purl.obolibrary.org/obo/OBI_0001404,genetic characteristics information
http://purl.obolibrary.org/obo/BFO_0000003,occurrent
http://purl.obolibrary.org/obo/STATO_0000030,Chi-Squared statistic
http://purl.obolibrary.org/obo/STATO_0000277,hit selection
http://purl.obolibrary.org/obo/OBI_0000070,assay
http://purl.obolibrary.org/obo/STATO_0000233,true positive rate
http://purl.obolibrary.org/obo/OBI_0000731,recombinant vector
http://purl.obolibrary.org/obo/STATO_0000284,Breusch-Pagan test
http://purl.obolibrary.org/obo/NCBITaxon_7742,Vertebrata <Metazoa>
http://purl.obolibrary.org/obo/OBI_0600064,recombinant vector cloning
http://purl.obolibrary.org/obo/STATO_0000092,Wilcoxon signed rank test
http://purl.obolibrary.org/obo/STATO_0000400,quadratic mean
http://purl.obolibrary.org/obo/STATO_0000230,expected value
http://purl.obolibrary.org/obo/IAO_0000184,scatter plot
http://purl.obolibrary.org/obo/STATO_0000273,child-parents trio
http://purl.obolibrary.org/obo/IAO_0000414,mass measurement datum
http://purl.obolibrary.org/obo/STATO_0000376,Z-statistic
http://purl.obolibrary.org/obo/OBI_0000416,cloning insert role
http://purl.obolibrary.org/obo/STATO_0000311,central composite design
http://purl.obolibrary.org/obo/STATO_0000141,acute toxicity study
http://purl.obolibrary.org/obo/STATO_0000140,contingency table
http://purl.obolibrary.org/obo/STATO_0000310,Barnard's test
http://purl.obolibrary.org/obo/STATO_0000184,ratio
http://purl.obolibrary.org/obo/IAO_0000101,image
http://purl.obolibrary.org/obo/OBI_0000339,planning
http://purl.obolibrary.org/obo/STATO_0000183,sphericity testing objective
http://purl.obolibrary.org/obo/OBI_0000650,differential expression analysis data transformation
http://purl.obolibrary.org/obo/STATO_0000322,contrast weight
http://purl.obolibrary.org/obo/STATO_0000365,first order autoregressive covariance structure
http://purl.obolibrary.org/obo/STATO_0000195,number of factor level combinations
http://purl.obolibrary.org/obo/STATO_0000130,Breslow-Day test for homogeneity of odds ratio
http://purl.obolibrary.org/obo/OBI_0302900,group randomization
http://purl.obolibrary.org/obo/OBI_0500012,graeco latin square design
http://purl.obolibrary.org/obo/STATO_0000232,number of PCR cycle
http://purl.obolibrary.org/obo/STATO_0000402,population mean
http://purl.obolibrary.org/obo/OBI_0000626,DNA sequencing
http://purl.obolibrary.org/obo/STATO_0000275,transmission disequilibrium test
http://purl.obolibrary.org/obo/STATO_0000040,MA plot
http://purl.obolibrary.org/obo/STATO_0000210,channel1/channel2 fluorescence intensity ratio
http://purl.obolibrary.org/obo/OBI_0000338,drawing a conclusion based on data
http://purl.obolibrary.org/obo/STATO_0000287,two tailed test
http://purl.obolibrary.org/obo/OBI_0200200,chi square test
http://purl.obolibrary.org/obo/STATO_0000286,one tailed test
http://purl.obolibrary.org/obo/OBI_0000671,sample from organism
http://purl.obolibrary.org/obo/STATO_0000221,random variable
http://purl.obolibrary.org/obo/STATO_0000051,Poisson distribution
http://purl.obolibrary.org/obo/STATO_0000094,Kruskal Wallis test
http://purl.obolibrary.org/obo/STATO_0000132,Hotelling T2 distribution
http://purl.obolibrary.org/obo/STATO_0000302,one sample t-test
http://purl.obolibrary.org/obo/IAO_0000309,diagram
http://purl.obolibrary.org/obo/STATO_0000378,deviance information criterion
http://purl.obolibrary.org/obo/STATO_0000131,sphericity test
http://purl.obolibrary.org/obo/STATO_0000301,covariance
http://purl.obolibrary.org/obo/STATO_0000143,Bayesian model selection
http://purl.obolibrary.org/obo/STATO_0000313,Plackett-Burman design
http://purl.obolibrary.org/obo/IAO_0000033,directive information entity
http://purl.obolibrary.org/obo/STATO_0000312,Boxโ€“Behnkens design
http://purl.obolibrary.org/obo/STATO_0000186,Lineweaver-Burk plot
http://purl.obolibrary.org/obo/STATO_0000120,bean plot
http://purl.obolibrary.org/obo/STATO_0000324,contrast weight estimate
http://purl.obolibrary.org/obo/STATO_0000367,Ante-dependence covariance structure
http://purl.obolibrary.org/obo/STATO_0000197,genomic coordinate system
http://purl.obolibrary.org/obo/STATO_0000375,residual mean square
http://purl.obolibrary.org/obo/OBI_0200167,data normalization objective
http://purl.obolibrary.org/obo/OBI_0000649,data set of features
http://purl.obolibrary.org/obo/OBI_0300311,observation design
http://purl.obolibrary.org/obo/OBI_0200201,ANOVA
http://purl.obolibrary.org/obo/STATO_0000320,Glass's delta
http://purl.obolibrary.org/obo/STATO_0000321,non-parametric distribution
http://purl.obolibrary.org/obo/STATO_0000364,first order autoregressive moving average covariance structure
http://purl.obolibrary.org/obo/STATO_0000194,cartesian product 2 sets
http://purl.obolibrary.org/obo/OBI_0500013,hyper graeco latin square design
http://purl.obolibrary.org/obo/NCBITaxon_33154,Opisthokonta
http://purl.obolibrary.org/obo/STATO_0000231,95% confidence interval
http://purl.obolibrary.org/obo/STATO_0000401,sample mean
http://purl.obolibrary.org/obo/STATO_0000360,no diagonal Factor Analytic covariance structure
http://purl.obolibrary.org/obo/BFO_0000031,generically dependent continuant
http://purl.obolibrary.org/obo/OBI_0000118,gene list
http://purl.obolibrary.org/obo/STATO_0000220,false negative rate
http://purl.obolibrary.org/obo/STATO_0000050,signal to noise ratio
http://purl.obolibrary.org/obo/OBI_0000456,material transformation objective
http://purl.obolibrary.org/obo/OBI_0000245,organization
http://purl.obolibrary.org/obo/STATO_0000282,F-statistic
http://purl.obolibrary.org/obo/STATO_0000009,cartesian coordinate system
http://purl.obolibrary.org/obo/BFO_0000007,process
http://purl.obolibrary.org/obo/BFO_0000018,zero dimensional region
http://purl.obolibrary.org/obo/STATO_0000090,dichotomous variable
http://purl.obolibrary.org/obo/OBI_0001442,q-value
http://purl.obolibrary.org/obo/NCBITaxon_2157,Archaea
http://purl.obolibrary.org/obo/STATO_0000142,correlation coefficient
http://purl.obolibrary.org/obo/STATO_0000271,permutation numbering
http://purl.obolibrary.org/obo/STATO_0000323,contrast weight matrix
http://purl.obolibrary.org/obo/OBI_0000164,cDNA library
http://purl.obolibrary.org/obo/STATO_0000182,odds ratio
http://purl.obolibrary.org/obo/STATO_0000385,standard error of a contrast estimate
http://purl.obolibrary.org/obo/OBI_0000372,material separation function
http://purl.obolibrary.org/obo/OBI_0000086,reagent role
http://purl.obolibrary.org/obo/OBI_0000097,participant under investigation role
http://purl.obolibrary.org/obo/STATO_0000181,Hardy-Weinberg equilibrium testing
http://purl.obolibrary.org/obo/STATO_0000193,study group population
http://purl.obolibrary.org/obo/STATO_0000363,heterogeneous compound symmetry covariance structure
http://purl.obolibrary.org/obo/OBI_0200117,mode calculation
http://purl.obolibrary.org/obo/STATO_0000374,feasible generalized least squares estimation
http://purl.obolibrary.org/obo/BFO_0000019,quality
http://purl.obolibrary.org/obo/OBI_0000374,excitation function
http://purl.obolibrary.org/obo/STATO_0000190,threshold cycle
http://purl.obolibrary.org/obo/IAO_0000129,version number
http://purl.obolibrary.org/obo/STATO_0000370,ordinary least squares estimation
http://purl.obolibrary.org/obo/STATO_0000371,weighted least squares estimation
http://purl.obolibrary.org/obo/IAO_0000028,symbol
http://purl.obolibrary.org/obo/STATO_0000109,multinomial logistic regression for analysis of dichotomous dependent variable
http://purl.obolibrary.org/obo/OBI_0000744,material sampling process
http://purl.obolibrary.org/obo/STATO_0000008,y-axis
http://purl.obolibrary.org/obo/OBI_0000722,paired-end library
http://purl.obolibrary.org/obo/STATO_0000292,decile
http://purl.obolibrary.org/obo/STATO_0000019,normal distribution hypothesis
http://purl.obolibrary.org/obo/OBI_1110108,material to be added
http://purl.obolibrary.org/obo/STATO_0000270,full factorial design
http://purl.obolibrary.org/obo/STATO_0000384,contrast estimate
http://purl.obolibrary.org/obo/STATO_0000180,standard normal distribution
http://purl.obolibrary.org/obo/STATO_0000192,cartesian product
http://purl.obolibrary.org/obo/STATO_0000362,compound symmetry covariance structure
http://purl.obolibrary.org/obo/STATO_0000361,Factor Analytic covariance structure
http://purl.obolibrary.org/obo/STATO_0000191,goodness of fit statistical test
http://purl.obolibrary.org/obo/STATO_0000372,generalized least squares estimation
http://purl.obolibrary.org/obo/STATO_0000373,iteratively reweighted least squares estimation
http://purl.obolibrary.org/obo/STATO_0000272,Michaelis-Menten constant
http://purl.obolibrary.org/obo/OBI_0001305,genotype information
http://purl.obolibrary.org/obo/OGMS_0000023,phenotype
http://purl.obolibrary.org/obo/OBI_0000953,processed specimen
http://purl.obolibrary.org/obo/STATO_0000283,negative binomial distribution
http://purl.obolibrary.org/obo/OBI_0000964,in live cell assay
http://purl.obolibrary.org/obo/IAO_0000300,textual entity
http://purl.obolibrary.org/obo/OBI_0200191,gene list visualization
http://purl.obolibrary.org/obo/STATO_0000091,genome-wide association study
http://purl.obolibrary.org/obo/IAO_0000001,conditional specification
http://purl.obolibrary.org/obo/OBI_0500014,factorial design
http://purl.obolibrary.org/obo/OBI_0500003,cross over design
http://purl.obolibrary.org/obo/STATO_0000280,Pearson's correlation coefficient
http://purl.obolibrary.org/obo/STATO_0000007,axis
http://purl.obolibrary.org/obo/OBI_0000931,study intervention
http://purl.obolibrary.org/obo/STATO_0000291,quantile
http://purl.obolibrary.org/obo/STATO_0000018,three dimensional cartesian spatial coordinate origin
http://purl.obolibrary.org/obo/OBI_0000181,population
http://purl.obolibrary.org/obo/STATO_0000029,measure of central tendency
http://purl.obolibrary.org/obo/OBI_0001931,scalar value specification
http://purl.obolibrary.org/obo/GO_0003674,molecular_function
http://purl.obolibrary.org/obo/OBI_0500002,repeated measure design
http://purl.obolibrary.org/obo/OBI_0200169,normalization data transformation
http://purl.obolibrary.org/obo/IAO_0000416,time measurement datum
http://purl.obolibrary.org/obo/STATO_0000383,contrast estimation
http://purl.obolibrary.org/obo/OBI_0001573,DNA sequence data
http://purl.obolibrary.org/obo/STATO_0000069,number of degrees of freedom
http://purl.obolibrary.org/obo/OBI_0200181,center calculation data transformation
http://purl.obolibrary.org/obo/OBI_0000861,Likelihood-ratio test
http://purl.obolibrary.org/obo/OBI_0001930,categorical value specification
http://purl.obolibrary.org/obo/OBI_0400079,optical filter
http://purl.obolibrary.org/obo/OBI_0200168,correction objective
http://purl.obolibrary.org/obo/CHEBI_33696,nucleic acid
http://purl.obolibrary.org/obo/IAO_0000178,material information bearer
http://purl.obolibrary.org/obo/IAO_0000572,documenting
http://purl.obolibrary.org/obo/BFO_0000020,specifically dependent continuant
http://purl.obolibrary.org/obo/OBI_0000423,extract
http://purl.obolibrary.org/obo/OBI_0000434,adding material objective
http://purl.obolibrary.org/obo/BFO_0000009,two dimensional region
http://purl.obolibrary.org/obo/OBI_0000131,molecular feature identification objective
http://purl.obolibrary.org/obo/STATO_0000290,contrast
http://purl.obolibrary.org/obo/STATO_0000017,Wilk's lambda distribution
http://purl.obolibrary.org/obo/OBI_0200031,differential expression analysis objective
http://purl.obolibrary.org/obo/OBI_0001444,genotyping design
http://purl.obolibrary.org/obo/STATO_0000028,measure of variation
http://purl.obolibrary.org/obo/OBI_0000444,target of material addition role
http://purl.obolibrary.org/obo/STATO_0000209,area under curve
http://purl.obolibrary.org/obo/STATO_0000006,x-axis
http://purl.obolibrary.org/obo/OBI_0000411,cloning vector role
http://purl.obolibrary.org/obo/STATO_0000014,spherical coordinate system
http://purl.obolibrary.org/obo/STATO_0000025,one dimensional cartesian spatial coordinate origin
http://purl.obolibrary.org/obo/STATO_0000068,skewness
http://purl.obolibrary.org/obo/IAO_0000573,line graph
http://purl.obolibrary.org/obo/IAO_0000584,time sampled measurement data set
http://purl.obolibrary.org/obo/OBI_0000737,cloning vector
http://purl.obolibrary.org/obo/STATO_0000003,balanced design
http://purl.obolibrary.org/obo/STATO_0000206,reads per kilobase of transcript per million fragments mapped
http://purl.obolibrary.org/obo/STATO_0000249,DNA microarray hybridization
http://purl.obolibrary.org/obo/STATO_0000079,Barlett's test
http://purl.obolibrary.org/obo/OBI_0000424,transcription profiling assay
http://purl.obolibrary.org/obo/OBI_0000435,genotyping assay
http://purl.obolibrary.org/obo/STATO_0000117,discrete probability distribution
http://purl.obolibrary.org/obo/IAO_0000064,algorithm
http://purl.obolibrary.org/obo/STATO_0000106,probit regression for analysis of polychotomous dependent variable
http://purl.obolibrary.org/obo/STATO_0000105,log signal intensity ratio
http://purl.obolibrary.org/obo/STATO_0000208,alternative hypothesis
http://purl.obolibrary.org/obo/OBI_0000378,filter function
http://purl.obolibrary.org/obo/STATO_0000016,polar coordinate system
http://purl.obolibrary.org/obo/OBI_0000274,adding a material entity into a target
http://purl.obolibrary.org/obo/CHEBI_16670,peptide
http://purl.obolibrary.org/obo/STATO_0000027,test of association between categorical variables
http://purl.obolibrary.org/obo/STATO_0000005,single factor design
http://purl.obolibrary.org/obo/STATO_0000108,linear regression for analysis of continuous dependent variable
http://purl.obolibrary.org/obo/STATO_0000107,statistical model
http://purl.obolibrary.org/obo/STATO_0000119,model parameter estimation
http://purl.obolibrary.org/obo/OBI_1110109,target of material addition
http://purl.obolibrary.org/obo/STATO_0000104,z-score
http://purl.obolibrary.org/obo/CL_0000000,cell
http://purl.obolibrary.org/obo/STATO_0000116,assess statistical evidence
http://purl.obolibrary.org/obo/NCBITaxon_32524,Amniota
http://purl.obolibrary.org/obo/OBI_0000275,analyte role
http://purl.obolibrary.org/obo/STATO_0000159,stacked bar chart
http://purl.obolibrary.org/obo/OBI_0000113,sequence feature identification objective
http://purl.obolibrary.org/obo/STATO_0000299,statistical inference
http://purl.obolibrary.org/obo/OBI_0000678,portioning objective
http://purl.obolibrary.org/obo/STATO_0000207,specifying null and alternate hypothesis
http://purl.obolibrary.org/obo/CL_0000578,experimentally modified cell in vitro
http://purl.obolibrary.org/obo/REO_0000171,molecular label role
http://purl.obolibrary.org/obo/OBI_0200102,regression analysis method
http://purl.obolibrary.org/obo/STATO_0000015,cylindrical coordinate system
http://purl.obolibrary.org/obo/SO_0000001,region
http://purl.obolibrary.org/obo/STATO_0000026,cartesian spatial coordinate origin
http://purl.obolibrary.org/obo/STATO_0000155,meta analysis
http://purl.obolibrary.org/obo/OBI_0400103,DNA sequencer
http://purl.obolibrary.org/obo/STATO_0000258,variable
http://purl.obolibrary.org/obo/STATO_0000066,Cleveland dot plot
http://purl.obolibrary.org/obo/OBI_0000932,material separation device
http://purl.obolibrary.org/obo/STATO_0000269,polychoric correlation coefficient
http://purl.obolibrary.org/obo/OBI_0100026,organism
http://purl.obolibrary.org/obo/OBI_0200170,averaging data transformation
http://purl.obolibrary.org/obo/STATO_0000118,ranking
http://purl.obolibrary.org/obo/STATO_0000077,Shapiro-Wilk test
http://purl.obolibrary.org/obo/STATO_0000247,odds ratio homogeneity test
http://purl.obolibrary.org/obo/GO_0008150,biological_process
http://purl.obolibrary.org/obo/OBI_0100060,cultured cell population
http://purl.obolibrary.org/obo/OBI_0001865,assay array
http://purl.obolibrary.org/obo/STATO_0000158,presence of association hypothesis
http://purl.obolibrary.org/obo/OBI_0000750,study design independent variable
http://purl.obolibrary.org/obo/OBI_0000401,environment control function
http://purl.obolibrary.org/obo/STATO_0000157,Least significance different test
http://purl.obolibrary.org/obo/NCBITaxon_32523,Tetrapoda
http://purl.obolibrary.org/obo/OBI_0400082,photodetector
http://purl.obolibrary.org/obo/STATO_0000169,fold change
http://purl.obolibrary.org/obo/OBI_0000367,light emission function
http://purl.obolibrary.org/obo/STATO_0000103,multinomial distribution
http://purl.obolibrary.org/obo/OBI_0400147,microarray
http://purl.obolibrary.org/obo/OBI_0600036,establishing cell culture
http://purl.obolibrary.org/obo/OBI_0600047,sequencing assay
